,amplicon,mean,mean+2std,mean-2std,min
2,1-25870470-25870655-PGD139_LDLRAP1_4,0.0213903743315508,0.31153081131988336,-0.2687500626567818,0
545,2-21241753-21241994-PGD139_APOB_98,4.310160427807487,9.402872266797871,-0.7825514111828964,0
141,1-25893462-25893727-PGD139_LDLRAP1_143,21.149732620320854,34.63951966649785,7.65994557414386,2
445,19-45412039-45412313-PGD139_APOE_12,39.16577540106952,98.63978905636485,-20.308238254225813,0
205,1-55513500-55513758-PGD139_PCSK9_53,42.86631016042781,64.89154385819116,20.841076462664457,10
406,19-11226372-11226646-PGD139_LDLR_39,88.71122994652407,224.49302884533068,-47.07056895228254,1
405,19-11224562-11224831-PGD139_LDLR_38,90.27272727272727,204.18866410648042,-23.64320956102587,3
383,19-11215943-11216213-PGD139_LDLR_16,112.59893048128342,153.86619986370852,71.33166109885832,55
695,4-68447055-68447281-PGD139_STAP1_10,165.98930481283423,233.6389364324633,98.33967319320514,71
1,1-25870279-25870528-PGD139_LDLRAP1_3,177.6898395721925,367.42479963151766,-12.045120487132635,5
49,1-25878491-25878719-PGD139_LDLRAP1_51,384.8288770053476,505.1962826659584,264.46147134473676,178
197,1-55512263-55512530-PGD139_PCSK9_45,441.9732620320856,760.834504187048,123.11201987712315,36
0,1-25870150-25870363-PGD139_LDLRAP1_2,443.2245989304813,871.60028990783,14.848907953132652,22
707,8-19796992-19797244-PGD139_LPL_2,487.5561497326203,991.1282107669488,-16.015911301708172,7
7,1-25871301-25871569-PGD139_LDLRAP1_9,525.4598930481284,973.1023783043936,77.81740779186316,12
99,1-25886625-25886888-PGD139_LDLRAP1_101,634.5133689839572,970.5780298313673,298.44870813654717,148
186,1-55510323-55510559-PGD139_PCSK9_34,685.6524064171123,1025.8524236876963,345.4523891465283,393
155,1-55505425-55505694-PGD139_PCSK9_3,709.4812834224599,1383.242906251838,35.719660593081926,44
140,1-25893346-25893607-PGD139_LDLRAP1_142,747.1604278074866,1107.5399525789876,386.7809030359857,338
355,16-57011833-57012082-PGD139_CETP_24,761.1069518716578,979.0843533324103,543.1295504109053,492
404,19-11224488-11224593-PGD139_LDLR_37,834.9572192513369,1541.1728440918691,128.74159441080462,241
680,2-21265815-21266065-PGD139_APOB_233,851.2513368983957,1193.3657360247503,509.1369377720412,114
427,19-11239932-11240122-PGD139_LDLR_60,863.1283422459893,1504.9324010426544,221.3242834493243,194
3,1-25870632-25870906-PGD139_LDLRAP1_5,863.7860962566845,1878.0024359686392,-150.43024345527033,10
251,1-55521790-55522023-PGD139_PCSK9_99,948.8021390374331,1779.1632948087383,118.44098326612789,77
685,2-21266802-21267053-PGD139_APOB_238,949.187165775401,1428.7858431928844,469.58848835791775,93
642,2-21259379-21259613-PGD139_APOB_195,950.1122994652407,1462.3577178331857,437.8668810972955,306
114,1-25889066-25889302-PGD139_LDLRAP1_116,957.8021390374331,1337.7697007299926,577.8345773448738,595
252,1-55521962-55522231-PGD139_PCSK9_100,1007.4010695187166,1833.3281266195927,181.47401241784053,104
284,1-55527115-55527380-PGD139_PCSK9_132,1023.4438502673797,1831.5889474335486,215.298753101211,98
400,19-11223811-11224085-PGD139_LDLR_33,1129.7005347593583,1838.5616420725016,420.83942744621504,110
297,1-55529263-55529520-PGD139_PCSK9_145,1152.042780748663,1987.9579852993465,316.1275761979796,124
218,1-55515861-55516135-PGD139_PCSK9_66,1157.9197860962568,2036.8262645002228,279.0133076922908,574
447,19-45412386-45412652-PGD139_APOE_14,1165.8181818181818,2050.272351849411,281.3640117869527,94
401,19-11224038-11224313-PGD139_LDLR_34,1253.6791443850268,1893.795006690868,613.5632820791857,170
578,2-21247287-21247538-PGD139_APOB_131,1317.4705882352941,1845.5499767813826,789.3911996892058,606
237,1-55518973-55519154-PGD139_PCSK9_85,1400.4491978609626,2282.4511029546024,518.4472927673227,363
418,19-11233532-11233801-PGD139_LDLR_51,1407.2941176470588,2556.852787741752,257.7354475523655,73
82,1-25883719-25883973-PGD139_LDLRAP1_84,1443.48128342246,2389.046468957863,497.9160978870566,161
443,19-45411590-45411856-PGD139_APOE_10,1624.5935828877004,2697.030994774773,552.1561710006281,306
117,1-25889481-25889748-PGD139_LDLRAP1_119,1626.2085561497327,2560.6965922411896,691.7205200582757,173
398,19-11222280-11222545-PGD139_LDLR_31,1703.283422459893,2960.4076537406863,446.15919117909993,70
50,1-25878651-25878918-PGD139_LDLRAP1_52,1704.6524064171124,2388.5963519039556,1020.7084609302691,524
248,1-55521226-55521501-PGD139_PCSK9_96,1710.1336898395723,5375.331672309876,-1955.0642926307316,66
97,1-25886362-25886612-PGD139_LDLRAP1_99,1845.4171122994653,2906.4258782401735,784.4083463587572,313
444,19-45411799-45412073-PGD139_APOE_11,2046.374331550802,3840.480727244988,252.26793585661585,108
169,1-55507840-55508092-PGD139_PCSK9_17,2119.1176470588234,3101.5937969979664,1136.6414971196805,365
390,19-11217480-11217662-PGD139_LDLR_23,2125.385026737968,3740.1471969027134,510.62285657322263,346
632,2-21257703-21257953-PGD139_APOB_185,2208.775401069519,3743.1412612330505,674.4095409059871,681
410,19-11227304-11227578-PGD139_LDLR_43,2252.8288770053477,3996.0403030195093,509.61745099118616,133
403,19-11224376-11224548-PGD139_LDLR_36,2259.3689839572194,3334.227729766714,1184.5102381477245,1078
318,10-90984960-90985208-PGD139_LIPA_15,2262.609625668449,3058.071681192112,1467.1475701447862,886
213,1-55515056-55515304-PGD139_PCSK9_61,2286.331550802139,3085.205374311993,1487.4577272922852,441
654,2-21261706-21261981-PGD139_APOB_207,2390.903743315508,3654.8047557333957,1127.0027308976207,320
369,19-11200062-11200334-PGD139_LDLR_2,2397.6737967914437,3788.1584891215653,1007.1891044613219,437
274,1-55525560-55525805-PGD139_PCSK9_122,2436.7165775401068,3201.3629007118016,1672.070254368412,1392
564,2-21244982-21245253-PGD139_APOB_117,2480.005347593583,3338.707857130499,1621.3028380566666,685
382,19-11215850-11216119-PGD139_LDLR_15,2480.7914438502676,3374.977381867974,1586.605505832561,871
113,1-25888877-25889139-PGD139_LDLRAP1_115,2487.005347593583,3639.4612851708252,1334.5494100163403,260
668,2-21263874-21264146-PGD139_APOB_221,2491.903743315508,3537.6418246639682,1446.165661967048,744
177,1-55509017-55509264-PGD139_PCSK9_25,2508.042780748663,3370.2045755307136,1645.8809859666126,946
614,2-21254565-21254822-PGD139_APOB_167,2508.812834224599,3348.721360339684,1668.9043081095142,1142
109,1-25888299-25888538-PGD139_LDLRAP1_111,2520.48128342246,3239.244149554963,1801.718417289957,988
665,2-21263366-21263638-PGD139_APOB_218,2577.951871657754,3754.3867499841754,1401.5169933313327,529
638,2-21258761-21259008-PGD139_APOB_191,2581.663101604278,3298.732972307957,1864.5932309005989,1585
101,1-25887029-25887295-PGD139_LDLRAP1_103,2622.3529411764707,3627.754254148809,1616.9516282041322,229
552,2-21242885-21243135-PGD139_APOB_105,2627.6470588235293,3367.06642861822,1888.2276890288385,1621
299,1-55529641-55529893-PGD139_PCSK9_147,2644.609625668449,3901.684113865034,1387.5351374718643,399
347,16-57005904-57006009-PGD139_CETP_16,2729.9304812834225,4727.475749567531,732.3852129993143,1003
8,1-25871500-25871765-PGD139_LDLRAP1_10,2770.9786096256685,4218.980911014252,1322.976308237085,203
436,19-45409067-45409337-PGD139_APOE_3,2775.1497326203207,4479.763344484429,1070.5361207562123,262
425,19-11238635-11238868-PGD139_LDLR_58,2775.470588235294,4298.828668466994,1252.1125080035943,850
658,2-21262349-21262589-PGD139_APOB_211,2777.994652406417,3459.893629483492,2096.095675329342,1389
81,1-25883660-25883873-PGD139_LDLRAP1_83,2827.7860962566847,3690.531694063138,1965.0404984502316,2000
157,1-55505828-55506103-PGD139_PCSK9_5,2834.4064171122996,4753.312070249224,915.5007639753746,339
317,10-90984788-90985037-PGD139_LIPA_14,2885.9304812834225,3628.030438267694,2143.830524299151,1823
236,1-55518796-55519004-PGD139_PCSK9_84,2948.8449197860964,4512.634764195138,1385.0550753770544,1516
431,19-11241697-11241966-PGD139_LDLR_64,2974.4438502673797,4271.924006623627,1676.9636939111322,834
610,2-21253853-21254122-PGD139_APOB_163,3010.4652406417113,3903.5981646078744,2117.332316675548,1290
19,1-25873216-25873469-PGD139_LDLRAP1_21,3071.422459893048,3934.831900956557,2208.0130188295393,1265
409,19-11226981-11227196-PGD139_LDLR_42,3123.9732620320856,5024.700858236869,1223.2456658273027,823
679,2-21265712-21265985-PGD139_APOB_232,3127.144385026738,4332.668026228712,1921.6207438247636,1035
664,2-21263171-21263436-PGD139_APOB_217,3189.620320855615,4183.015736857178,2196.2249048540516,910
277,1-55526018-55526273-PGD139_PCSK9_125,3200.572192513369,4585.894217693611,1815.2501673331274,1326
294,1-55528891-55529137-PGD139_PCSK9_142,3218.005347593583,4093.3505758905117,2342.660119296654,1393
439,19-45409874-45410075-PGD139_APOE_6,3242.347593582888,4207.403794591795,2277.291392573981,1954
548,2-21242232-21242480-PGD139_APOB_101,3262.133689839572,4148.599302800645,2375.6680768784986,2181
645,2-21259808-21260061-PGD139_APOB_198,3301.9679144385027,4750.493956587783,1853.4418722892224,1029
574,2-21246736-21246978-PGD139_APOB_127,3302.433155080214,4210.394405667798,2394.4719044926296,2330
678,2-21265523-21265772-PGD139_APOB_231,3338.4117647058824,4400.029532970432,2276.7939964413326,2115
656,2-21262037-21262308-PGD139_APOB_209,3339.8021390374333,4274.069578807148,2405.5346992677187,1189
413,19-11230685-11230960-PGD139_LDLR_46,3394.288770053476,5103.510905943198,1685.0666341637545,410
648,2-21260388-21260634-PGD139_APOB_201,3421.7272727272725,4608.842155074604,2234.612390379941,2068
538,2-21240442-21240681-PGD139_APOB_91,3467.475935828877,5002.425177690172,1932.5266939675819,1984
666,2-21263573-21263813-PGD139_APOB_219,3483.0160427807486,4437.341419000078,2528.690666561419,2143
442,19-45411116-45411382-PGD139_APOE_9,3486.3101604278077,5402.12745709482,1570.4928637607954,1162
232,1-55518251-55518498-PGD139_PCSK9_80,3492.4010695187167,5062.1468123699915,1922.6553266674418,500
556,2-21243501-21243747-PGD139_APOB_109,3500.379679144385,4596.982900266743,2403.7764580220273,2227
376,19-11210995-11211261-PGD139_LDLR_9,3516.7540106951874,5135.305564708784,1898.2024566815912,784
372,19-11200413-11200571-PGD139_LDLR_5,3521.668449197861,5142.948186948195,1900.388711447527,1489
489,2-21231478-21231728-PGD139_APOB_42,3529.823529411765,4944.813898895088,2114.833159928442,1688
672,2-21264599-21264849-PGD139_APOB_225,3530.7860962566847,4633.360887749529,2428.2113047638404,1926
198,1-55512395-55512644-PGD139_PCSK9_46,3531.8930481283423,4606.045816152034,2457.740280104651,1723
393,19-11221245-11221511-PGD139_LDLR_26,3538.347593582888,4990.508892766859,2086.1862943989163,811
14,1-25872492-25872737-PGD139_LDLRAP1_16,3539.1604278074865,4523.3487914899,2554.9720641250733,1723
674,2-21264868-21265118-PGD139_APOB_227,3563.0748663101604,4892.9533226520925,2233.196409968228,1113
242,1-55519701-55519951-PGD139_PCSK9_90,3563.957219251337,4692.762198338475,2435.1522401641987,1979
159,1-55506131-55506380-PGD139_PCSK9_7,3582.187165775401,4719.450552005772,2444.9237795450304,1021
659,2-21262486-21262713-PGD139_APOB_212,3586.4652406417113,4581.528112422726,2591.402368860697,2518
562,2-21244643-21244910-PGD139_APOB_115,3610.8877005347595,4873.933640339922,2347.841760729597,719
375,19-11210835-11211075-PGD139_LDLR_8,3615.96256684492,4526.676581160214,2705.2485525296256,2396
604,2-21252914-21253178-PGD139_APOB_157,3649.8342245989306,5068.173764615139,2231.4946845827226,1485
441,19-45410943-45411147-PGD139_APOE_8,3658.304812834225,5108.739568759899,2207.8700569085504,1817
365,16-57017264-57017539-PGD139_CETP_34,3659.6363636363635,5376.98033236842,1942.2923949043068,451
572,2-21246395-21246644-PGD139_APOB_125,3662.2139037433153,5410.335337505734,1914.0924699808963,1879
339,16-57003537-57003787-PGD139_CETP_8,3664.139037433155,4898.465847863363,2429.8122270029467,2172
263,1-55523718-55523961-PGD139_PCSK9_111,3665.8342245989306,5354.43498059159,1977.2334686062713,613
660,2-21262600-21262810-PGD139_APOB_213,3676.0,5352.0557642069025,1999.9442357930977,2186
437,19-45409715-45409855-PGD139_APOE_4,3679.652406417112,5516.930912745269,1842.3739000889557,1778
514,2-21235786-21236034-PGD139_APOB_67,3707.9679144385027,4702.376971217459,2713.5588576595464,1585
634,2-21258069-21258314-PGD139_APOB_187,3718.48128342246,4733.871167590504,2703.091399254415,2324
387,19-11217070-11217345-PGD139_LDLR_20,3729.304812834225,5710.368747827365,1748.2408778410847,496
584,2-21248323-21248571-PGD139_APOB_137,3732.3582887700536,5092.266563623189,2372.4500139169186,2089
350,16-57007110-57007348-PGD139_CETP_19,3760.898395721925,5045.613376618539,2476.183414825311,1301
166,1-55507236-55507504-PGD139_PCSK9_14,3786.9358288770054,4856.834057681433,2717.0376000725782,1548
175,1-55508860-55508965-PGD139_PCSK9_23,3788.8877005347595,7128.210658898004,449.56474217151435,952
421,19-11233983-11234230-PGD139_LDLR_54,3799.7540106951874,5425.204252270898,2174.3037691194763,1180
39,1-25876800-25877072-PGD139_LDLRAP1_41,3801.48128342246,5141.085338907866,2461.877227937054,1549
397,19-11222131-11222405-PGD139_LDLR_30,3812.8877005347595,7017.172710080944,608.6026909885745,127
344,16-57005111-57005386-PGD139_CETP_13,3814.9893048128342,6094.279733818108,1535.69887580756,587
223,1-55516758-55516968-PGD139_PCSK9_71,3819.9358288770054,4985.873369670297,2653.998288083714,1835
395,19-11221530-11221656-PGD139_LDLR_28,3825.4545454545455,5907.651887509567,1743.2572033995239,1935
266,1-55524278-55524552-PGD139_PCSK9_114,3826.331550802139,5772.705214735325,1879.9578868689532,554
127,1-25891002-25891252-PGD139_LDLRAP1_129,3827.6417112299464,4918.323681914032,2736.9597405458608,1850
161,1-55506382-55506655-PGD139_PCSK9_9,3847.4973262032086,5378.995578837116,2315.999073569301,545
650,2-21260707-21260932-PGD139_APOB_203,3888.1497326203207,5578.3702171082205,2197.9292481324214,2425
463,2-21226891-21227140-PGD139_APOB_16,3897.1229946524063,5193.42282532118,2600.823163983632,1193
622,2-21255924-21256173-PGD139_APOB_175,3898.614973262032,5458.321550837007,2338.908395687057,2264
640,2-21259028-21259278-PGD139_APOB_193,3900.5561497326203,4797.846768798129,3003.2655306671118,2431
653,2-21261497-21261772-PGD139_APOB_206,3919.764705882353,6393.664520645501,1445.8648911192054,374
226,1-55517343-55517618-PGD139_PCSK9_74,3929.053475935829,6809.382121555867,1048.7248303157899,534
105,1-25887709-25887949-PGD139_LDLRAP1_107,3930.6898395721923,5136.0284125461185,2725.351266598266,1438
110,1-25888444-25888714-PGD139_LDLRAP1_112,3935.9679144385027,5097.616666780154,2774.319162096851,1081
455,2-21225500-21225748-PGD139_APOB_8,3948.96256684492,5201.052816932708,2696.872316757131,1625
530,2-21238473-21238684-PGD139_APOB_83,3957.2139037433153,5511.2631788083345,2403.1646286782957,2473
477,2-21229366-21229616-PGD139_APOB_30,3971.994652406417,5512.092128686454,2431.8971761263806,805
64,1-25880969-25881206-PGD139_LDLRAP1_66,3972.8021390374333,5587.771879285554,2357.8323987893123,2466
596,2-21250922-21251196-PGD139_APOB_149,4008.6791443850266,5345.396104385925,2671.962184384128,1141
407,19-11226615-11226888-PGD139_LDLR_40,4016.385026737968,5936.884985603266,2095.8850678726703,697
566,2-21245367-21245589-PGD139_APOB_119,4019.711229946524,5049.435406465603,2989.987053427445,2910
132,1-25891873-25892123-PGD139_LDLRAP1_134,4024.1978609625667,5869.956484489946,2178.4392374351874,783
606,2-21253185-21253434-PGD139_APOB_159,4051.0695187165775,5247.050351592954,2855.088685840201,2530
608,2-21253549-21253799-PGD139_APOB_161,4054.871657754011,5420.4687812319835,2689.274534276038,2000
250,1-55521587-55521843-PGD139_PCSK9_98,4061.609625668449,7281.468764050941,841.7504872859572,260
15,1-25872666-25872927-PGD139_LDLRAP1_17,4062.7593582887703,5416.156423670283,2709.3622929072576,2011
215,1-55515334-55515589-PGD139_PCSK9_63,4062.866310160428,6177.128853026557,1948.6037672942984,299
377,19-11213287-11213545-PGD139_LDLR_10,4066.8770053475937,6217.3184912581555,1916.4355194370319,1135
368,19-11199996-11200130-PGD139_LDLR_1,4084.8449197860964,6013.871274576734,2155.8185649954585,2228
180,1-55509401-55509645-PGD139_PCSK9_28,4114.545454545455,5962.536821906689,2266.5540871842213,2569
700,4-68456423-68456673-PGD139_STAP1_15,4123.68449197861,5865.578766667554,2381.7902172896656,894
56,1-25879592-25879833-PGD139_LDLRAP1_58,4138.919786096257,5796.103598827454,2481.7359733650587,2341
573,2-21246579-21246802-PGD139_APOB_126,4188.855614973262,5461.177589351648,2916.5336405948765,2871
544,2-21241555-21241820-PGD139_APOB_97,4189.090909090909,5468.376087975959,2909.8057302058587,2073
126,1-25890914-25891175-PGD139_LDLRAP1_128,4200.31550802139,6301.83535939075,2098.7956566520293,1199
71,1-25881996-25882265-PGD139_LDLRAP1_73,4240.5668449197865,5817.00776568231,2664.1259241572634,2355
415,19-11230961-11231145-PGD139_LDLR_48,4241.679144385027,6776.114072174071,1707.2442165959828,2260
537,2-21240280-21240536-PGD139_APOB_90,4242.465240641711,5419.841515666236,3065.0889656171853,2979
217,1-55515704-55515929-PGD139_PCSK9_65,4246.641711229947,6219.216400084796,2274.0670223750976,722
641,2-21259230-21259429-PGD139_APOB_194,4248.8395721925135,5651.41161191301,2846.2675324720167,2782
133,1-25892066-25892340-PGD139_LDLRAP1_135,4258.79679144385,5931.769602784632,2585.823980103068,732
626,2-21256603-21256847-PGD139_APOB_179,4261.465240641711,5975.212129294458,2547.718351988964,2320
313,10-90983312-90983525-PGD139_LIPA_10,4280.818181818182,5556.5340282436755,3005.1023353926885,2516
636,2-21258408-21258655-PGD139_APOB_189,4284.4812834224595,5560.058122654332,3008.904444190587,2687
93,1-25885657-25885907-PGD139_LDLRAP1_95,4293.0,5632.502009856126,2953.4979901438737,1568
586,2-21248674-21248878-PGD139_APOB_139,4318.957219251337,6829.21340143011,1808.7010370725634,2082
710,8-19805791-19805990-PGD139_LPL_5,4326.368983957219,5808.115508941629,2844.622458972809,2762
618,2-21255201-21255451-PGD139_APOB_171,4337.411764705882,5647.360998673528,3027.4625307382357,2825
343,16-57004949-57005224-PGD139_CETP_12,4349.973262032086,6239.332992383439,2460.6135316807326,769
434,19-45408877-45409051-PGD139_APOE_1,4366.475935828877,5925.89765551273,2807.054216145023,2203
181,1-55509557-55509809-PGD139_PCSK9_29,4375.898395721925,5490.0164863095415,3261.780305134309,2421
279,1-55526265-55526524-PGD139_PCSK9_127,4383.770053475936,5513.038454120624,3254.501652831248,2270
525,2-21237623-21237871-PGD139_APOB_78,4395.288770053476,5711.977369895977,3078.6001702109743,1824
542,2-21241164-21241434-PGD139_APOB_95,4426.1122994652405,5680.913030264875,3171.3115686656065,2279
178,1-55509143-55509397-PGD139_PCSK9_26,4452.855614973262,5971.642192755573,2934.069037190951,2234
722,8-19813504-19813753-PGD139_LPL_17,4471.941176470588,6256.807186639643,2687.0751663015335,2439
340,16-57003737-57003979-PGD139_CETP_9,4472.732620320856,7880.015719961553,1065.4495206801585,426
292,1-55528525-55528800-PGD139_PCSK9_140,4498.941176470588,6348.439035396296,2649.4433175448803,959
371,19-11200359-11200506-PGD139_LDLR_4,4507.128342245989,6463.829444248041,2550.4272402439374,2032
386,19-11216942-11217216-PGD139_LDLR_19,4527.524064171123,6643.698034303248,2411.350094038999,1065
662,2-21262805-21263042-PGD139_APOB_215,4543.540106951872,5794.587207731794,3292.4930061719506,2428
628,2-21256977-21257223-PGD139_APOB_181,4567.0213903743315,6453.004593725109,2681.0381870235547,2693
61,1-25880485-25880758-PGD139_LDLRAP1_63,4592.946524064171,6069.875621344156,3116.0174267841862,1152
391,19-11217932-11218190-PGD139_LDLR_24,4612.882352941177,6641.6709602525025,2584.0937456298507,1131
592,2-21249908-21250158-PGD139_APOB_145,4647.994652406417,5980.480154311869,3315.509150500965,2277
357,16-57012096-57012334-PGD139_CETP_26,4661.534759358289,5828.08827636657,3494.981242350008,3184
433,19-11242044-11242264-PGD139_LDLR_66,4669.320855614973,5958.65830945075,3379.983401779197,2841
670,2-21264264-21264508-PGD139_APOB_223,4688.24064171123,6095.34082592387,3281.140457498589,2041
526,2-21237761-21238035-PGD139_APOB_79,4695.229946524064,6190.264229673245,3200.1956633748828,1611
570,2-21246055-21246300-PGD139_APOB_123,4728.716577540107,6481.79425205237,2975.6389030278438,2648
554,2-21243149-21243390-PGD139_APOB_107,4732.983957219251,6602.674593189224,2863.293321249279,2619
234,1-55518531-55518792-PGD139_PCSK9_82,4743.545454545455,6962.548923428933,2524.5419856619765,1000
296,1-55529129-55529331-PGD139_PCSK9_144,4761.155080213904,6516.252151956745,3006.058008471062,2942
560,2-21244234-21244501-PGD139_APOB_113,4786.582887700535,6241.474713596515,3331.691061804555,2371
385,19-11216261-11216511-PGD139_LDLR_18,4787.064171122995,7401.218271565251,2172.910070680738,364
32,1-25875713-25875978-PGD139_LDLRAP1_34,4788.989304812834,6546.533118663433,3031.4454909622355,767
419,19-11233751-11233933-PGD139_LDLR_52,4791.582887700535,6540.1424882494675,3043.0232871516027,3115
528,2-21238133-21238384-PGD139_APOB_81,4800.791443850268,6426.2057788940465,3175.3771088064886,2899
671,2-21264438-21264661-PGD139_APOB_224,4834.294117647059,6579.476332760102,3089.111902534015,3002
366,16-57017315-57017589-PGD139_CETP_35,4839.593582887701,7153.294714656069,2525.892451119333,603
694,4-68446887-68447118-PGD139_STAP1_9,4843.631016042781,6128.263322250607,3558.9987098349548,3234
173,1-55508576-55508825-PGD139_PCSK9_21,4847.860962566845,6258.644092795659,3437.0778323380314,3382
505,2-21234207-21234451-PGD139_APOB_58,4861.737967914439,6424.777935072647,3298.6980007562306,3354
704,4-68471884-68472114-PGD139_STAP1_19,4862.866310160428,7127.223864175434,2598.5087561454225,1747
683,2-21266188-21266446-PGD139_APOB_236,4867.304812834224,6807.224064150443,2927.3855615180055,1498
551,2-21242718-21242960-PGD139_APOB_104,4868.791443850268,6454.657354101507,3282.9255335990283,3058
230,1-55517984-55518251-PGD139_PCSK9_78,4872.679144385027,6357.144891290185,3388.2133974798685,1290
135,1-25892380-25892643-PGD139_LDLRAP1_137,4884.641711229947,6835.051577141799,2934.231845318095,795
193,1-55511678-55511951-PGD139_PCSK9_41,4906.844919786096,6476.934859697928,3336.754979874265,1667
66,1-25881232-25881480-PGD139_LDLRAP1_68,4917.914438502674,6217.890671792585,3617.938205212763,2657
682,2-21266059-21266221-PGD139_APOB_235,4930.75935828877,7757.661961184864,2103.856755392677,2413
280,1-55526430-55526680-PGD139_PCSK9_128,4940.860962566845,6191.253214011844,3690.4687111218464,3250
624,2-21256300-21256527-PGD139_APOB_177,4948.326203208556,7224.053614278886,2672.5987921382257,2556
616,2-21254934-21255159-PGD139_APOB_169,4958.465240641711,6952.224841146128,2964.7056401372943,2837
519,2-21236645-21236890-PGD139_APOB_72,4978.256684491978,6512.174934400022,3444.338434583935,2349
123,1-25890450-25890721-PGD139_LDLRAP1_125,4994.491978609625,7412.785381737585,2576.1985754816646,475
70,1-25881875-25882100-PGD139_LDLRAP1_72,5004.24064171123,7801.7183542349885,2206.762929187471,3159
78,1-25883230-25883500-PGD139_LDLRAP1_80,5013.989304812834,7300.405432558921,2727.573177066747,1035
301,1-55529896-55530168-PGD139_PCSK9_149,5021.855614973262,7222.400616390027,2821.310613556498,653
706,8-19796829-19797060-PGD139_LPL_1,5027.593582887701,8155.752954815302,1899.4342109601002,1039
588,2-21249000-21249114-PGD139_APOB_141,5036.855614973262,8367.945000866215,1705.7662290803087,1972
730,8-19822687-19822953-PGD139_LPL_25,5039.053475935829,6899.35091697717,3178.756034894488,2235
611,2-21254010-21254269-PGD139_APOB_164,5039.786096256685,6987.409613362564,3092.162579150805,2998
720,8-19813212-19813445-PGD139_LPL_15,5054.197860962567,6555.4126642379,3552.9830576872337,3070
53,1-25879083-25879352-PGD139_LDLRAP1_55,5078.187165775401,6549.439872073405,3606.9344594773966,2380
139,1-25893142-25893405-PGD139_LDLRAP1_141,5109.395721925133,8091.346028069334,2127.4454157809323,463
396,19-11221958-11222208-PGD139_LDLR_29,5116.122994652406,6745.793046165394,3486.4529431394185,1638
40,1-25877008-25877264-PGD139_LDLRAP1_42,5119.8395721925135,6706.971733875568,3532.707410509459,1737
174,1-55508660-55508910-PGD139_PCSK9_22,5140.122994652406,6614.241402023023,3666.00458728179,3323
36,1-25876276-25876542-PGD139_LDLRAP1_38,5142.262032085561,7944.868668850576,2339.6553953205466,2784
523,2-21237267-21237507-PGD139_APOB_76,5148.411764705882,6455.822957801033,3841.0005716107307,3815
676,2-21265250-21265460-PGD139_APOB_229,5149.443850267379,7356.60322819619,2942.284472338569,2620
550,2-21242542-21242768-PGD139_APOB_103,5150.299465240641,7430.953951712785,2869.6449787684983,2466
98,1-25886447-25886618-PGD139_LDLRAP1_100,5153.010695187166,7317.092402043123,2988.928988331208,3087
298,1-55529431-55529697-PGD139_PCSK9_146,5164.117647058823,6603.069067938227,3725.16622617942,2192
697,4-68449157-68449407-PGD139_STAP1_12,5167.529411764706,6925.087667812826,3409.971155716586,1517
138,1-25892936-25893175-PGD139_LDLRAP1_140,5180.743315508022,7232.817082648971,3128.6695483670715,1731
239,1-55519258-55519508-PGD139_PCSK9_87,5183.812834224599,7532.947675880953,2834.677992568245,1017
108,1-25888169-25888392-PGD139_LDLRAP1_110,5185.550802139038,7803.138431044212,2567.9631732338635,3101
663,2-21262954-21263225-PGD139_APOB_216,5195.914438502674,6671.847710816475,3719.9811661888725,2339
54,1-25879284-25879514-PGD139_LDLRAP1_56,5196.2513368983955,8089.65340927136,2302.849264525431,2991
435,19-45409013-45409200-PGD139_APOE_2,5206.497326203208,7048.093108901727,3364.9015435046895,3349
582,2-21247939-21248189-PGD139_APOB_135,5210.064171122995,6953.935166339052,3466.193175906938,2959
190,1-55510944-55511201-PGD139_PCSK9_38,5235.417112299465,7073.09680559927,3397.73741899966,3321
414,19-11230781-11231020-PGD139_LDLR_47,5237.0213903743315,6999.430469334386,3474.612311414277,1852
646,2-21260014-21260250-PGD139_APOB_199,5237.1604278074865,6875.3236346330805,3598.9972209818925,2903
714,8-19810653-19810867-PGD139_LPL_9,5250.893048128342,6599.465450297268,3902.320645959416,3436
716,8-19810918-19811090-PGD139_LPL_11,5257.032085561497,7401.506674983609,3112.557496139386,3535
491,2-21231799-21232047-PGD139_APOB_44,5267.336898395722,6860.579468641393,3674.0943281500504,2550
558,2-21243852-21244091-PGD139_APOB_111,5285.663101604278,7391.420247255276,3179.9059559532807,2796
96,1-25886211-25886455-PGD139_LDLRAP1_98,5290.5187165775405,7374.568159185941,3206.4692739691395,3015
326,10-91007169-91007419-PGD139_LIPA_23,5295.935828877005,7362.871565245801,3229.000092508209,1370
429,19-11240212-11240425-PGD139_LDLR_62,5299.438502673796,6918.362305849816,3680.5146994977767,3638
370,19-11200171-11200393-PGD139_LDLR_3,5304.508021390375,7656.274023291549,2952.7420194892,1021
630,2-21257331-21257556-PGD139_APOB_183,5309.524064171123,7328.243367765228,3290.804760577019,2805
69,1-25881694-25881923-PGD139_LDLRAP1_71,5311.438502673796,7632.678521871826,2990.198483475767,3347
231,1-55518030-55518279-PGD139_PCSK9_79,5314.909090909091,6651.129289221226,3978.688892596956,2403
595,2-21250703-21250978-PGD139_APOB_148,5326.689839572193,8161.115680848054,2492.2639982963324,656
644,2-21259655-21259850-PGD139_APOB_197,5328.326203208556,7896.348835263067,2760.303571154045,2245
426,19-11238747-11239000-PGD139_LDLR_59,5338.208556149732,7500.370113313185,3176.0469989862795,1171
107,1-25888016-25888264-PGD139_LDLRAP1_109,5372.828877005348,6930.6060673349075,3815.051686675788,2719
453,2-21225188-21225418-PGD139_APOB_6,5377.026737967914,7135.031281653616,3619.0221942822127,2149
305,10-90974577-90974827-PGD139_LIPA_2,5396.144385026738,6893.441585121243,3898.8471849322323,3228
304,10-90974442-90974638-PGD139_LIPA_1,5430.363636363636,7967.525098595592,2893.2021741316803,1597
20,1-25873419-25873560-PGD139_LDLRAP1_22,5450.636363636364,10655.69941010305,245.57331716967747,2376
290,1-55528169-55528431-PGD139_PCSK9_138,5454.3422459893045,6961.333737972171,3947.3507540064384,2119
459,2-21226196-21226446-PGD139_APOB_12,5467.304812834224,7542.039554919192,3392.570070749257,995
546,2-21241939-21242144-PGD139_APOB_99,5473.572192513369,8141.420327731952,2805.7240572947862,2547
381,19-11215668-11215934-PGD139_LDLR_14,5479.374331550802,7051.9250285251965,3906.823634576407,2324
273,1-55525405-55525627-PGD139_PCSK9_121,5482.117647058823,7951.833443741113,3012.4018503765337,3511
35,1-25876107-25876368-PGD139_LDLRAP1_37,5488.652406417113,7253.472482575946,3723.832330258279,1775
708,8-19805560-19805738-PGD139_LPL_3,5493.679144385027,7312.989250829805,3674.3690379402487,3442
612,2-21254196-21254446-PGD139_APOB_165,5503.941176470588,7092.382898525359,3915.499454415817,3664
285,1-55527278-55527528-PGD139_PCSK9_133,5508.0,6965.546546592551,4050.453453407449,2597
224,1-55516917-55517142-PGD139_PCSK9_72,5544.417112299465,7373.6142536836805,3715.219970915249,2921
16,1-25872810-25873038-PGD139_LDLRAP1_18,5549.96256684492,8181.793209572394,2918.1319241174456,2968
287,1-55527652-55527917-PGD139_PCSK9_135,5551.326203208556,7534.697814486079,3567.954591931033,997
43,1-25877463-25877713-PGD139_LDLRAP1_45,5568.304812834224,7200.838575601021,3935.7710500674275,3959
589,2-21249411-21249664-PGD139_APOB_142,5573.310160427807,7612.707319988336,3533.9130008672782,1609
540,2-21240784-21241024-PGD139_APOB_93,5579.893048128342,7435.652104263945,3724.1339919927395,2859
270,1-55524904-55525141-PGD139_PCSK9_118,5586.299465240641,8579.810035094506,2592.7888953867773,3165
9,1-25871695-25871966-PGD139_LDLRAP1_11,5593.0213903743315,7684.561944758369,3501.4808359902945,1488
620,2-21255597-21255803-PGD139_APOB_173,5601.197860962567,8061.877265697126,3140.5184562280074,2909
571,2-21246235-21246477-PGD139_APOB_124,5624.909090909091,7392.981204546564,3856.8369772716173,2415
438,19-45409741-45409929-PGD139_APOE_5,5627.620320855615,7424.6896796979245,3830.550962013306,3915
25,1-25874294-25874509-PGD139_LDLRAP1_27,5629.128342245989,8203.102487706812,3055.1541967851654,3515
576,2-21247029-21247210-PGD139_APOB_129,5634.92513368984,7858.708217370902,3411.1420500087766,3717
609,2-21253687-21253937-PGD139_APOB_162,5636.048128342246,7576.557852792201,3695.5384038922916,2190
673,2-21264742-21264989-PGD139_APOB_226,5652.320855614973,7531.4837368947865,3773.157974335159,2484
319,10-90986513-90986762-PGD139_LIPA_16,5652.582887700535,7533.02421925093,3772.1415561501394,2556
440,19-45410844-45411021-PGD139_APOE_7,5670.470588235294,8708.354439244104,2632.5867372264843,3048
479,2-21229726-21229976-PGD139_APOB_32,5677.2513368983955,7561.780513928784,3792.722159868007,1966
495,2-21232475-21232725-PGD139_APOB_48,5701.64705882353,7492.436256541714,3910.857861105346,2227
125,1-25890760-25890974-PGD139_LDLRAP1_127,5709.090909090909,8223.24047331348,3194.9413448683376,2885
649,2-21260514-21260763-PGD139_APOB_202,5723.791443850268,7888.780250925112,3558.802636775423,1313
446,19-45412343-45412523-PGD139_APOE_13,5743.208556149732,10398.424640589194,1087.9924717102704,1156
500,2-21233397-21233646-PGD139_APOB_53,5762.866310160428,7764.172752590182,3761.559867730674,3573
696,4-68447202-68447394-PGD139_STAP1_11,5795.39037433155,7913.969551808828,3676.811196854273,3974
652,2-21261051-21261193-PGD139_APOB_205,5799.374331550802,8597.504259271122,3001.244403830483,3445
103,1-25887352-25887599-PGD139_LDLRAP1_105,5803.673796791444,7712.805418909766,3894.542174673122,1933
499,2-21233210-21233454-PGD139_APOB_52,5808.03743315508,7528.85693496396,4087.2179313462,2660
146,1-25894217-25894466-PGD139_LDLRAP1_148,5810.4331550802135,7790.829042050218,3830.0372681102094,2824
160,1-55506275-55506381-PGD139_PCSK9_8,5815.807486631016,7606.647999750627,4024.9669735114057,2555
76,1-25882782-25883047-PGD139_LDLRAP1_78,5825.363636363636,7842.176949823504,3808.5503229037677,1561
143,1-25893759-25893927-PGD139_LDLRAP1_145,5829.03743315508,8788.941895206588,2869.132971103572,2956
187,1-55510511-55510783-PGD139_PCSK9_35,5831.780748663102,7507.234993028249,4156.326504297955,3813
536,2-21240090-21240339-PGD139_APOB_89,5833.818181818182,7084.185524127468,4583.450839508896,4108
619,2-21255395-21255649-PGD139_APOB_172,5840.294117647059,7748.618433671372,3931.969801622745,3324
38,1-25876586-25876856-PGD139_LDLRAP1_40,5844.03743315508,7820.784085535763,3867.2907807743977,2936
291,1-55528302-55528565-PGD139_PCSK9_139,5854.4812834224595,8305.964848660913,3402.9977181840063,949
323,10-90988087-90988300-PGD139_LIPA_20,5864.427807486631,7449.795115256745,4279.0604997165165,4096
321,10-90987808-90988021-PGD139_LIPA_18,5877.427807486631,7626.305061922714,4128.550553050547,4090
553,2-21242956-21243205-PGD139_APOB_106,5889.636363636364,7709.102581430215,4070.170145842513,3984
724,8-19816788-19817035-PGD139_LPL_19,5909.620320855615,7717.659346761745,4101.581294949486,3655
411,19-11227512-11227751-PGD139_LDLR_44,5925.663101604278,7814.860768109005,4036.4654350995515,3374
430,19-11240345-11240595-PGD139_LDLR_63,5961.572192513369,7403.664219578478,4519.480165448261,3957
480,2-21229928-21230171-PGD139_APOB_33,5973.1604278074865,8175.88990366466,3770.4309519503136,3435
90,1-25885194-25885443-PGD139_LDLRAP1_92,5976.106951871658,9075.492405563782,2876.7214981795332,3151
725,8-19818266-19818510-PGD139_LPL_20,5980.144385026738,7806.970242042797,4153.318528010679,3430
189,1-55510776-55511011-PGD139_PCSK9_37,5988.807486631016,7590.972010887295,4386.642962374737,4328
346,16-57005728-57005957-PGD139_CETP_15,6008.540106951872,7518.451066722137,4498.629147181608,3696
603,2-21252720-21252968-PGD139_APOB_156,6009.320855614973,7703.070978409322,4315.570732820624,3988
163,1-55506743-55507009-PGD139_PCSK9_11,6010.614973262032,7834.937208746578,4186.292737777487,1775
307,10-90974819-90975041-PGD139_LIPA_4,6018.219251336898,7910.616604475368,4125.821898198428,2411
118,1-25889638-25889866-PGD139_LDLRAP1_120,6019.096256684492,8254.873614304626,3783.3188990643566,3548
423,19-11238443-11238574-PGD139_LDLR_56,6024.20320855615,9138.622004429246,2909.784412683053,3045
688,4-68436666-68436916-PGD139_STAP1_3,6024.636363636364,8197.87146897343,3851.401258299299,1871
420,19-11233815-11234031-PGD139_LDLR_53,6024.689839572193,7615.16820144476,4434.211477699626,4148
130,1-25891450-25891715-PGD139_LDLRAP1_132,6030.1122994652405,7966.723243688192,4093.501355242289,1791
176,1-55508906-55509115-PGD139_PCSK9_24,6032.032085561497,9722.677457942476,2341.3867131805187,3538
598,2-21251369-21251644-PGD139_APOB_151,6052.31550802139,7897.06551518369,4207.56550085909,2344
461,2-21226533-21226808-PGD139_APOB_14,6053.310160427807,8263.617996773866,3843.0023240817477,1348
451,2-21224853-21225103-PGD139_APOB_4,6062.358288770053,8050.852445321107,4073.8641322189997,1826
150,1-25894917-25895160-PGD139_LDLRAP1_152,6072.016042780749,8429.515715875616,3714.5163696858826,3345
271,1-55525089-55525345-PGD139_PCSK9_119,6082.754010695187,7855.7355750729685,4309.772446317406,3410
314,10-90983457-90983688-PGD139_LIPA_11,6088.475935828877,8830.380048728866,3346.5718229288873,2570
520,2-21236806-21237054-PGD139_APOB_73,6119.427807486631,8620.237301271027,3618.6183137022335,3646
106,1-25887884-25888109-PGD139_LDLRAP1_108,6120.197860962567,8697.732090178019,3542.663631747114,3479
341,16-57003860-57004106-PGD139_CETP_10,6125.449197860962,7842.678538368699,4408.219857353225,4119
417,19-11231263-11231432-PGD139_LDLR_50,6125.770053475936,8773.707555224746,3477.832551727126,3735
12,1-25872167-25872408-PGD139_LDLRAP1_14,6130.171122994652,8405.717861145014,3854.624384844289,92
472,2-21228445-21228689-PGD139_APOB_25,6134.010695187166,8496.190916378906,3771.8304739954265,3796
121,1-25890099-25890322-PGD139_LDLRAP1_123,6144.540106951872,7946.595901018467,4342.484312885277,3438
456,2-21225671-21225920-PGD139_APOB_9,6163.941176470588,8300.989328312062,4026.8930246291147,3261
535,2-21239906-21240181-PGD139_APOB_88,6166.727272727273,8496.291822423707,3837.1627230308395,1556
184,1-55510032-55510244-PGD139_PCSK9_32,6167.727272727273,8955.64105354383,3379.813491910717,3376
73,1-25882371-25882602-PGD139_LDLRAP1_75,6167.957219251337,8522.441449956625,3813.4729885460492,3392
590,2-21249599-21249823-PGD139_APOB_143,6172.994652406417,7865.072823626472,4480.916481186362,4224
565,2-21245206-21245456-PGD139_APOB_118,6173.358288770053,8212.18386782788,4134.532709712226,3216
379,19-11213588-11213818-PGD139_LDLR_12,6176.368983957219,7808.34262608642,4544.395341828018,4096
681,2-21266014-21266195-PGD139_APOB_234,6177.695187165776,9571.471970067814,2783.9184042637366,3424
309,10-90975733-90975982-PGD139_LIPA_6,6201.235294117647,8182.917579596808,4219.553008638486,2519
144,1-25893859-25894102-PGD139_LDLRAP1_146,6211.946524064171,7956.814522677769,4467.078525450574,3573
359,16-57015060-57015314-PGD139_CETP_28,6247.443850267379,9094.065572459584,3400.822128075175,1226
465,2-21227265-21227483-PGD139_APOB_18,6256.705882352941,8271.914832929657,4241.496931776227,3549
513,2-21235594-21235843-PGD139_APOB_66,6263.561497326204,8259.04538799264,4268.077606659766,2217
402,19-11224232-11224452-PGD139_LDLR_35,6297.508021390375,9401.076965028213,3193.9390777525364,1286
151,1-25895072-25895322-PGD139_LDLRAP1_153,6318.272727272727,8192.88498591039,4443.660468635063,2376
516,2-21236162-21236399-PGD139_APOB_69,6321.529411764706,9386.461962332816,3256.5968611965964,3166
509,2-21234875-21235095-PGD139_APOB_62,6342.064171122995,8287.970595234056,4396.157747011933,4403
497,2-21232861-21233103-PGD139_APOB_50,6342.085561497326,8066.265607424821,4617.905515569832,3426
122,1-25890272-25890523-PGD139_LDLRAP1_124,6344.4331550802135,8271.449211027957,4417.41709913247,2770
145,1-25894037-25894281-PGD139_LDLRAP1_147,6344.727272727273,8254.765064904808,4434.689480549738,2303
661,2-21262705-21262824-PGD139_APOB_214,6349.245989304813,10311.98568643272,2386.506292176906,2324
494,2-21232316-21232563-PGD139_APOB_47,6392.6577540106955,8553.705200640725,4231.610307380667,2964
333,16-56995796-56996033-PGD139_CETP_2,6413.743315508022,9265.663640742754,3561.82299027329,2159
329,12-21329671-21329812-PGD139_SLCO1B1_1,6426.139037433155,9589.964720766025,3262.313354100285,3708
349,16-57006052-57006239-PGD139_CETP_18,6427.967914438503,8644.425952033409,4211.5098768435955,4243
11,1-25871968-25872226-PGD139_LDLRAP1_13,6428.016042780749,8496.141030954073,4359.891054607423,2544
599,2-21251593-21251867-PGD139_APOB_152,6430.967914438503,11070.767307134493,1791.168521742513,320
334,16-56995972-56996134-PGD139_CETP_3,6431.844919786096,9272.507437173881,3591.182402398311,3178
594,2-21250476-21250750-PGD139_APOB_147,6438.149732620321,8728.66298593318,4147.636479307461,1534
202,1-55512969-55513215-PGD139_PCSK9_50,6440.427807486631,9282.2084463592,3598.647168614061,3278
424,19-11238502-11238731-PGD139_LDLR_57,6441.197860962567,8118.5450604142725,4763.850661510861,4637
214,1-55515255-55515477-PGD139_PCSK9_62,6469.491978609625,8929.029817607367,4009.9541396118843,2204
60,1-25880275-25880550-PGD139_LDLRAP1_62,6471.786096256685,8822.43721375835,4121.134978755019,911
510,2-21235031-21235275-PGD139_APOB_63,6473.454545454545,9616.929543221122,3329.9795476879685,3012
353,16-57008865-57009105-PGD139_CETP_22,6476.545454545455,8348.147944068238,4604.942965022672,3826
10,1-25871829-25872071-PGD139_LDLRAP1_12,6487.133689839572,9653.284494424068,3320.982885255076,2752
692,4-68442727-68442967-PGD139_STAP1_7,6506.737967914439,8678.74211730169,4334.733818527187,2391
690,4-68440969-68441217-PGD139_STAP1_5,6528.652406417113,8759.769164284073,4297.5356485501525,1825
458,2-21226040-21226304-PGD139_APOB_11,6532.524064171123,8760.793013024448,4304.255115317799,1765
272,1-55525206-55525449-PGD139_PCSK9_120,6535.828877005348,9150.960809054453,3920.6969449562425,3696
33,1-25875867-25876113-PGD139_LDLRAP1_35,6540.197860962567,8587.9994709727,4492.396250952434,3107
488,2-21231304-21231550-PGD139_APOB_41,6545.187165775401,8544.572105873836,4545.8022256769655,3999
412,19-11227616-11227810-PGD139_LDLR_45,6545.374331550802,8643.510800132199,4447.237862969405,3953
515,2-21235976-21236224-PGD139_APOB_68,6545.652406417113,8370.397681946853,4720.907130887372,3805
18,1-25873166-25873285-PGD139_LDLRAP1_20,6549.406417112299,11840.341942479987,1258.4708917446123,2424
225,1-55517106-55517381-PGD139_PCSK9_73,6551.994652406417,8917.383219884035,4186.606084928799,1142
602,2-21252509-21252779-PGD139_APOB_155,6553.68449197861,8479.446457556156,4627.922526401065,2535
264,1-55523919-55524179-PGD139_PCSK9_112,6568.743315508022,8516.901109116847,4620.5855218991965,1916
65,1-25881022-25881290-PGD139_LDLRAP1_67,6569.229946524064,8192.657126556065,4945.802766492063,3582
26,1-25874455-25874720-PGD139_LDLRAP1_28,6571.213903743315,8669.71521967953,4472.7125878071,1988
667,2-21263737-21263982-PGD139_APOB_220,6572.101604278075,8398.975713856431,4745.227494699718,2987
484,2-21230640-21230878-PGD139_APOB_37,6572.994652406417,9155.383573060974,3990.6057317518603,3848
482,2-21230304-21230548-PGD139_APOB_35,6580.058823529412,8931.379561304504,4228.7380857543185,3536
89,1-25884995-25885246-PGD139_LDLRAP1_91,6600.818181818182,8800.508129755772,4401.128233880592,3964
148,1-25894552-25894802-PGD139_LDLRAP1_150,6602.828877005348,8835.165280355392,4370.492473655304,3847
85,1-25884319-25884556-PGD139_LDLRAP1_87,6623.106951871658,8337.53049435801,4908.683409385305,2889
216,1-55515542-55515784-PGD139_PCSK9_64,6647.540106951872,9375.042349440126,3920.0378644636194,3306
633,2-21257885-21258134-PGD139_APOB_186,6665.577540106952,8714.804982395735,4616.350097818169,3506
464,2-21227090-21227316-PGD139_APOB_17,6685.9304812834225,9965.121819102402,3406.7391434644433,3494
549,2-21242416-21242634-PGD139_APOB_102,6695.401069518716,9734.488810823703,3656.3133282137305,3927
183,1-55509846-55510096-PGD139_PCSK9_31,6704.5187165775405,8497.065824187219,4911.971608967861,4961
712,8-19809264-19809507-PGD139_LPL_7,6705.449197860962,8448.762149903954,4962.13624581797,4143
686,4-68424401-68424645-PGD139_STAP1_1,6730.561497326204,8978.747126800765,4482.375867851642,2517
172,1-55508393-55508632-PGD139_PCSK9_20,6784.299465240641,9267.293622189005,4301.305308292279,4098
615,2-21254775-21255001-PGD139_APOB_168,6799.31550802139,8684.331753266848,4914.299262775932,4161
575,2-21246897-21247102-PGD139_APOB_128,6799.582887700535,8827.21523473398,4771.95054066709,4584
568,2-21245688-21245924-PGD139_APOB_121,6833.465240641711,9474.864008743643,4192.066472539777,3676
42,1-25877318-25877567-PGD139_LDLRAP1_44,6836.053475935829,9506.103000124112,4166.003951747545,4128
330,12-21331489-21331597-PGD139_SLCO1B1_2,6855.807486631016,11266.195588124592,2445.419385137441,2226
422,19-11234078-11234321-PGD139_LDLR_55,6878.39037433155,8634.45554140971,5122.325207253391,3762
75,1-25882612-25882851-PGD139_LDLRAP1_77,6879.24064171123,8706.142750612531,5052.338532809928,4335
460,2-21226394-21226641-PGD139_APOB_13,6902.106951871658,9652.468640152816,4151.745263590499,4162
100,1-25886847-25887115-PGD139_LDLRAP1_102,6904.219251336898,9334.874227497281,4473.564275176515,1347
639,2-21258944-21259219-PGD139_APOB_192,6904.764705882353,8960.952543244834,4848.576868519873,2947
257,1-55522672-55522922-PGD139_PCSK9_105,6906.048128342246,8840.973375248426,4971.122881436066,3008
91,1-25885394-25885665-PGD139_LDLRAP1_93,6915.8877005347595,9081.078906880472,4750.696494189047,2629
104,1-25887525-25887769-PGD139_LDLRAP1_106,6922.92513368984,9671.579502226316,4174.270765153363,4103
428,19-11240068-11240270-PGD139_LDLR_61,6926.262032085561,9223.306491986565,4629.217572184559,4836
164,1-55506922-55507162-PGD139_PCSK9_12,6927.508021390375,10345.82646210166,3509.1895806790885,3698
83,1-25883877-25884127-PGD139_LDLRAP1_85,6930.229946524064,8910.16378441235,4950.296108635777,2954
503,2-21233909-21234108-PGD139_APOB_56,6948.582887700535,9546.354883726843,4350.810891674228,4718
192,1-55511211-55511461-PGD139_PCSK9_40,6951.5187165775405,8917.409133920233,4985.628299234848,3194
373,19-11210669-11210837-PGD139_LDLR_6,6961.197860962567,9769.386630462026,4153.009091463107,4389
508,2-21234684-21234928-PGD139_APOB_61,6961.283422459893,9929.038303139572,3993.5285417802133,3898
684,2-21266372-21266524-PGD139_APOB_237,6978.262032085561,10392.82666265756,3563.697401513563,2858
200,1-55512658-55512914-PGD139_PCSK9_48,6987.545454545455,10618.1764325082,3356.91447658271,3215
416,19-11231047-11231321-PGD139_LDLR_49,7002.106951871658,9318.115642501825,4686.09826124149,2493
55,1-25879447-25879698-PGD139_LDLRAP1_57,7009.92513368984,9064.82031690935,4955.029950470329,2595
5,1-25870914-25871189-PGD139_LDLRAP1_7,7017.187165775401,11585.204143243234,2449.1701883075675,447
311,10-90982181-90982428-PGD139_LIPA_8,7026.524064171123,9043.278182820832,5009.769945521414,3848
267,1-55524442-55524713-PGD139_PCSK9_115,7027.631016042781,9051.33704648216,5003.924985603402,2892
29,1-25875158-25875424-PGD139_LDLRAP1_31,7030.663101604278,9486.818300438692,4574.507902769865,2380
361,16-57015556-57015803-PGD139_CETP_30,7031.75935828877,9036.89743666579,5026.621279911751,3785
389,19-11217341-11217528-PGD139_LDLR_22,7048.026737967914,9685.257212873381,4410.796263062448,4303
675,2-21265060-21265310-PGD139_APOB_228,7073.443850267379,9290.154714862376,4856.732985672382,3976
240,1-55519460-55519678-PGD139_PCSK9_88,7075.834224598931,9345.743653235731,4805.92479596213,4372
727,8-19818551-19818768-PGD139_LPL_22,7079.502673796792,9247.602157431938,4911.403190161645,3303
567,2-21245527-21245770-PGD139_APOB_120,7098.149732620321,9225.251763464956,4971.047701775686,4606
46,1-25877976-25878226-PGD139_LDLRAP1_48,7098.909090909091,10632.111261698026,3565.7069201201557,3523
581,2-21247756-21248001-PGD139_APOB_134,7105.181818181818,9157.13396406465,5053.229672298987,3245
31,1-25875558-25875780-PGD139_LDLRAP1_33,7105.668449197861,9106.907492508255,5104.4294058874675,3492
37,1-25876469-25876722-PGD139_LDLRAP1_39,7112.262032085561,9066.37771174006,5158.146352431062,4613
524,2-21237453-21237682-PGD139_APOB_77,7114.326203208556,10088.773375487744,4139.879030929367,3920
77,1-25883006-25883281-PGD139_LDLRAP1_79,7129.652406417113,9782.255309091726,4477.049503742499,1195
473,2-21228631-21228877-PGD139_APOB_26,7143.79679144385,9282.032443776126,5005.561139111574,3310
72,1-25882195-25882421-PGD139_LDLRAP1_74,7146.711229946524,12001.576237884365,2291.846222008683,3583
384,19-11216136-11216386-PGD139_LDLR_17,7149.245989304813,9830.825834532838,4467.6661440767875,2130
88,1-25884820-25885070-PGD139_LDLRAP1_90,7151.374331550802,10568.193728494229,3734.5549346073744,3664
698,4-68449279-68449528-PGD139_STAP1_13,7155.780748663102,9492.91432990618,4818.647167420025,2913
394,19-11221366-11221597-PGD139_LDLR_27,7169.919786096257,9547.160003111223,4792.6795690812905,3159
327,10-91007276-91007519-PGD139_LIPA_24,7172.272727272727,9387.936782642157,4956.608671903297,2993
134,1-25892158-25892408-PGD139_LDLRAP1_136,7174.941176470588,9493.066069211016,4856.816283730161,2077
201,1-55512801-55513018-PGD139_PCSK9_49,7184.454545454545,10433.84999746082,3935.0590934482702,4349
195,1-55512011-55512232-PGD139_PCSK9_43,7184.92513368984,10217.676611448394,4152.173655931285,4589
228,1-55517757-55517992-PGD139_PCSK9_76,7187.743315508022,9065.51333634774,5309.973294668303,4907
399,19-11223686-11223911-PGD139_LDLR_32,7194.443850267379,9475.718433451124,4913.169267083635,4709
235,1-55518727-55518955-PGD139_PCSK9_83,7196.106951871658,10481.007676582147,3911.2062271611685,3222
276,1-55525868-55526069-PGD139_PCSK9_124,7201.561497326204,11766.779442029441,2636.343552622967,3666
51,1-25878805-25879050-PGD139_LDLRAP1_53,7217.9304812834225,9413.62936625556,5022.231596311285,4442
220,1-55516326-55516569-PGD139_PCSK9_68,7224.92513368984,9412.149549273727,5037.7007181059535,3241
702,4-68458844-68459094-PGD139_STAP1_17,7225.058823529412,9497.570201846225,4952.547445212599,2763
657,2-21262249-21262404-PGD139_APOB_210,7227.379679144385,11915.599627108633,2539.159731180135,3742
156,1-55505613-55505863-PGD139_PCSK9_4,7231.262032085561,11420.599701810566,3041.9243623605553,190
691,4-68441138-68441351-PGD139_STAP1_6,7240.235294117647,9689.564698269787,4790.9058899655065,2820
643,2-21259500-21259709-PGD139_APOB_196,7249.486631016042,10479.236815158682,4019.7364468734036,4114
600,2-21251818-21252048-PGD139_APOB_153,7251.149732620321,9486.042353780897,5016.257111459745,3129
331,12-21368658-21368788-PGD139_SLCO1B1_3,7256.780748663102,10718.665479947944,3794.89601737826,3688
591,2-21249770-21249998-PGD139_APOB_144,7259.080213903743,9050.255726258696,5467.9047015487895,5061
621,2-21255734-21255978-PGD139_APOB_174,7269.791443850268,9592.66891814068,4946.913969559854,4648
367,16-57017542-57017728-PGD139_CETP_36,7285.72192513369,9905.46489676691,4665.978953500469,5015
529,2-21238279-21238528-PGD139_APOB_82,7292.6577540106955,9581.222501668182,5004.093006353209,5012
468,2-21227753-21227986-PGD139_APOB_21,7294.1122994652405,10019.939109581113,4568.285489349368,4330
345,16-57005268-57005515-PGD139_CETP_14,7298.283422459893,9457.881811939073,5138.685032980713,4491
517,2-21236344-21236544-PGD139_APOB_70,7303.764705882353,10132.577320675735,4474.952091088971,4582
467,2-21227579-21227809-PGD139_APOB_20,7320.588235294118,9722.580460819921,4918.596009768315,3215
522,2-21237140-21237348-PGD139_APOB_75,7335.310160427807,10475.258499194302,4195.361821661312,3889
59,1-25880133-25880354-PGD139_LDLRAP1_61,7337.422459893048,9628.840538104478,5046.004381681618,2676
222,1-55516570-55516811-PGD139_PCSK9_70,7351.122994652406,10165.862548566452,4536.383440738361,4438
67,1-25881435-25881683-PGD139_LDLRAP1_69,7363.663101604278,9440.374375614227,5286.95182759433,5007
170,1-55508020-55508263-PGD139_PCSK9_18,7365.1604278074865,9128.727702086184,5601.59315352879,4155
388,19-11217264-11217440-PGD139_LDLR_21,7367.016042780749,10190.862245269309,4543.1698402921875,4665
457,2-21225852-21226101-PGD139_APOB_10,7387.871657754011,9799.180207692436,4976.563107815586,2739
601,2-21252308-21252579-PGD139_APOB_154,7390.508021390375,10239.232983253734,4541.783059527015,2020
569,2-21245857-21246107-PGD139_APOB_122,7409.5668449197865,9592.10316130802,5227.0305285315535,4714
315,10-90983585-90983760-PGD139_LIPA_12,7428.07486631016,10245.720665275556,4610.429067344764,5074
312,10-90982325-90982470-PGD139_LIPA_9,7430.631016042781,11100.009866938413,3761.252165147149,4588
124,1-25890637-25890890-PGD139_LDLRAP1_126,7433.256684491978,10347.537604963178,4518.975764020779,3433
533,2-21239167-21239442-PGD139_APOB_86,7439.582887700535,10684.964511018958,4194.201264382113,1847
728,8-19819477-19819719-PGD139_LPL_23,7444.181818181818,9358.80440553524,5529.559230828397,4742
253,1-55522160-55522316-PGD139_PCSK9_101,7455.556149732621,10766.55571345608,4144.556586009161,4613
469,2-21227931-21228160-PGD139_APOB_22,7465.807486631016,10263.938641256238,4667.676332005795,4334
149,1-25894743-25894977-PGD139_LDLRAP1_151,7478.101604278075,9512.747514501682,5443.455694054468,4703
147,1-25894405-25894650-PGD139_LDLRAP1_149,7491.5668449197865,9389.817584186785,5593.316105652787,4710
486,2-21230961-21231206-PGD139_APOB_39,7492.967914438503,9908.446405327202,5077.489423549803,4732
57,1-25879783-25880054-PGD139_LDLRAP1_59,7500.732620320856,9770.132951472811,5231.3322891689,3246
302,1-55530125-55530399-PGD139_PCSK9_150,7507.213903743315,10841.292066045582,4173.135741441048,960
607,2-21253373-21253623-PGD139_APOB_160,7507.31550802139,9985.583913148252,5029.0471028945285,2802
44,1-25877665-25877874-PGD139_LDLRAP1_46,7520.283422459893,12447.843768846524,2592.7230760732627,3869
511,2-21235221-21235470-PGD139_APOB_64,7527.625668449198,9815.721001623591,5239.530335274805,3988
258,1-55522878-55523126-PGD139_PCSK9_106,7551.310160427807,10043.353887113572,5059.266433742042,3840
128,1-25891198-25891358-PGD139_LDLRAP1_130,7601.529411764706,13110.404933867794,2092.6538896616185,3542
206,1-55513677-55513937-PGD139_PCSK9_54,7605.780748663102,10164.76104797629,5046.800449349914,3716
86,1-25884453-25884701-PGD139_LDLRAP1_88,7638.973262032086,10621.22793649594,4656.718587568232,4222
502,2-21233730-21233963-PGD139_APOB_55,7641.957219251337,10691.101776381136,4592.812662121538,4086
496,2-21232674-21232918-PGD139_APOB_49,7642.844919786096,10190.622675925975,5095.0671636462175,4394
713,8-19809439-19809664-PGD139_LPL_8,7645.171122994652,9435.422469101657,5854.919776887648,5546
185,1-55510191-55510374-PGD139_PCSK9_33,7648.128342245989,10792.692414192377,4503.564270299602,4351
268,1-55524634-55524866-PGD139_PCSK9_116,7675.957219251337,10136.084262293767,5215.830176208907,4867
717,8-19811499-19811729-PGD139_LPL_12,7676.010695187166,9673.251393786646,5678.769996587685,5321
462,2-21226745-21226944-PGD139_APOB_15,7689.336898395722,11457.289594761698,3921.3842020297448,4198
617,2-21255107-21255303-PGD139_APOB_170,7692.048128342246,10672.204632015126,4711.891624669366,4678
506,2-21234395-21234620-PGD139_APOB_59,7711.0213903743315,10379.8049718233,5042.237808925363,4541
585,2-21248506-21248727-PGD139_APOB_138,7722.780748663102,10454.898797446513,4990.662699879691,4534
470,2-21228108-21228357-PGD139_APOB_23,7730.438502673796,10334.970830382805,5125.906174964788,4859
219,1-55516092-55516367-PGD139_PCSK9_67,7733.417112299465,10150.603139392759,5316.23108520617,2541
306,10-90974696-90974917-PGD139_LIPA_3,7743.770053475936,9783.697793669382,5703.84231328249,5435
475,2-21228979-21229229-PGD139_APOB_28,7765.048128342246,9990.167917635925,5539.928339048568,3442
30,1-25875389-25875638-PGD139_LDLRAP1_32,7792.625668449198,9943.161924637014,5642.089412261382,4496
84,1-25884087-25884361-PGD139_LDLRAP1_86,7795.828877005348,11355.527234783289,4236.130519227407,3951
655,2-21261926-21262177-PGD139_APOB_208,7797.454545454545,9638.514188695544,5956.394902213546,5335
196,1-55512146-55512310-PGD139_PCSK9_44,7799.0695187165775,13183.204057642293,2414.9349797908617,3500
17,1-25872980-25873215-PGD139_LDLRAP1_19,7800.401069518716,10209.72830761039,5391.073831427042,5458
131,1-25891667-25891917-PGD139_LDLRAP1_133,7828.9304812834225,10480.660288373876,5177.200674192969,1973
204,1-55513299-55513543-PGD139_PCSK9_52,7829.79679144385,11140.368227281862,4519.225355605839,4247
94,1-25885864-25886099-PGD139_LDLRAP1_96,7857.106951871658,11914.457297228457,3799.7566065148585,3573
115,1-25889196-25889421-PGD139_LDLRAP1_117,7858.8877005347595,10796.638623761322,4921.1367773081965,4393
335,16-56996789-56997039-PGD139_CETP_4,7863.812834224599,9991.542041514062,5736.083626935137,5145
580,2-21247653-21247817-PGD139_APOB_133,7885.422459893048,11095.281612082767,4675.56330770333,4613
587,2-21248813-21249062-PGD139_APOB_140,7889.427807486631,10030.232749937373,5748.622865035888,4034
254,1-55522267-55522517-PGD139_PCSK9_102,7896.9786096256685,9818.624420334781,5975.332798916556,5339
605,2-21252992-21253238-PGD139_APOB_158,7932.989304812834,10201.20169354547,5664.776916080199,3865
507,2-21234545-21234772-PGD139_APOB_60,7936.620320855615,10377.032466740042,5496.208174971189,5589
623,2-21256113-21256357-PGD139_APOB_176,7948.60962566845,10000.864501488293,5896.354749848607,5544
153,1-55505117-55505348-PGD139_PCSK9_1,7969.695187165776,10335.9328960986,5603.457478232951,3691
194,1-55511873-55512129-PGD139_PCSK9_42,7974.4331550802135,10236.851605648499,5712.014704511929,4081
4,1-25870832-25870983-PGD139_LDLRAP1_6,7981.871657754011,11561.700736751234,4402.042578756787,2324
719,8-19811781-19812009-PGD139_LPL_14,7985.893048128342,10235.99923372766,5735.786862529024,4669
490,2-21231663-21231884-PGD139_APOB_43,8061.475935828877,11299.776135909662,4823.175735748091,4709
563,2-21244888-21245151-PGD139_APOB_116,8062.27807486631,10837.191203566064,5287.364946166556,2981
726,8-19818438-19818631-PGD139_LPL_21,8065.0,10635.907784948671,5494.09221505133,3751
269,1-55524716-55524953-PGD139_PCSK9_117,8069.262032085561,10220.443493717614,5918.080570453509,5894
577,2-21247147-21247334-PGD139_APOB_130,8074.513368983958,10701.590778261234,5447.435959706682,5457
52,1-25878996-25879177-PGD139_LDLRAP1_54,8096.149732620321,13305.779599578109,2886.5198656625316,3150
87,1-25884652-25884892-PGD139_LDLRAP1_89,8098.8877005347595,10923.107637147235,5274.6677639222835,4803
137,1-25892773-25892999-PGD139_LDLRAP1_139,8106.604278074867,10113.278971999676,6099.929584150057,4464
715,8-19810753-19811003-PGD139_LPL_10,8120.272727272727,10925.277728287605,5315.267726257849,3965
45,1-25877814-25878040-PGD139_LDLRAP1_47,8139.754010695187,10514.586897558325,5764.921123832049,5309
260,1-55523288-55523543-PGD139_PCSK9_108,8147.336898395722,11089.930289630342,5204.743507161102,4064
693,4-68442908-68443149-PGD139_STAP1_8,8185.754010695187,10961.052381497564,5410.455639892811,3313
527,2-21237939-21238188-PGD139_APOB_80,8189.064171122995,10553.371927366967,5824.7564148790225,5665
703,4-68458991-68459239-PGD139_STAP1_18,8191.588235294118,11240.695897087455,5142.480573500781,2829
120,1-25889923-25890136-PGD139_LDLRAP1_122,8211.550802139038,10665.550750730232,5757.550853547844,5002
471,2-21228287-21228496-PGD139_APOB_24,8223.176470588236,10998.5770875155,5447.775853660974,5126
325,10-91005466-91005684-PGD139_LIPA_22,8273.208556149733,10618.505597502643,5927.911514796824,4828
282,1-55526766-55527017-PGD139_PCSK9_130,8276.79679144385,10546.06656304499,6007.5270198427115,3864
119,1-25889773-25889983-PGD139_LDLRAP1_121,8311.90909090909,10829.92934693865,5793.88883487953,5873
729,8-19819625-19819874-PGD139_LPL_24,8324.737967914438,10915.718494562905,5733.757441265971,4093
504,2-21234056-21234273-PGD139_APOB_57,8344.032085561497,11909.218032264644,4778.846138858351,4371
47,1-25878172-25878412-PGD139_LDLRAP1_49,8349.486631016043,10253.298024474409,6445.675237557678,5166
337,16-57003163-57003397-PGD139_CETP_6,8358.272727272728,10525.113324547488,6191.4321299979665,5587
208,1-55514018-55514274-PGD139_PCSK9_56,8375.326203208557,10828.735475211188,5921.916931205926,4616
583,2-21248136-21248381-PGD139_APOB_136,8383.92513368984,10750.308795181269,6017.541472198411,5221
227,1-55517564-55517814-PGD139_PCSK9_75,8390.919786096256,10677.147179544829,6104.692392647683,2269
199,1-55512559-55512715-PGD139_PCSK9_47,8396.058823529413,12560.253664582939,4231.863982475887,5323
449,2-21224474-21224724-PGD139_APOB_2,8413.887700534759,11889.570168187805,4938.205232881712,1621
485,2-21230825-21231018-PGD139_APOB_38,8417.449197860962,11600.93720941819,5233.9611863037335,5341
625,2-21256443-21256666-PGD139_APOB_178,8425.679144385027,11328.618769612047,5522.739519158008,5235
265,1-55524085-55524330-PGD139_PCSK9_113,8428.775401069519,11019.826462625053,5837.724339513985,3143
539,2-21240623-21240835-PGD139_APOB_92,8432.63101604278,11249.452138766346,5615.809893319214,5370
593,2-21249994-21250177-PGD139_APOB_146,8441.652406417112,11158.559045622718,5724.745767211504,5867
466,2-21227415-21227635-PGD139_APOB_19,8455.775401069519,12359.15184014037,4552.398961998668,4014
293,1-55528750-55528982-PGD139_PCSK9_141,8462.582887700535,10896.552986143139,6028.612789257931,4337
677,2-21265358-21265585-PGD139_APOB_230,8472.973262032085,11162.173858229275,5783.772665834896,5378
647,2-21260201-21260447-PGD139_APOB_200,8494.818181818182,10627.046043000919,6362.590320635445,5384
450,2-21224668-21224906-PGD139_APOB_3,8501.5935828877,11171.409254960428,5831.777910814973,3066
492,2-21231988-21232194-PGD139_APOB_45,8520.652406417112,13001.277704576241,4040.027108257981,4340
627,2-21256790-21257033-PGD139_APOB_180,8537.866310160427,10936.903794831087,6138.828825489767,5234
493,2-21232142-21232370-PGD139_APOB_46,8550.304812834225,11250.120798700902,5850.488826967548,5623
631,2-21257503-21257752-PGD139_APOB_184,8589.320855614973,11078.128804281883,6100.512906948063,5267
21,1-25873498-25873697-PGD139_LDLRAP1_23,8589.5935828877,11004.530644835224,6174.656520940179,6081
278,1-55526165-55526344-PGD139_PCSK9_126,8594.486631016043,13916.721238745333,3272.2520232867537,4232
286,1-55527436-55527685-PGD139_PCSK9_134,8599.021390374332,11198.162662602272,5999.880118146391,4811
498,2-21233039-21233269-PGD139_APOB_51,8603.695187165775,11296.776508385494,5910.613865946056,5087
481,2-21230122-21230362-PGD139_APOB_34,8646.540106951872,11070.94244079146,6222.137773112285,4297
557,2-21243660-21243908-PGD139_APOB_110,8647.967914438503,10978.967034791347,6316.968794085658,4707
262,1-55523566-55523793-PGD139_PCSK9_110,8659.668449197861,11502.913904522215,5816.422993873508,4805
543,2-21241356-21241613-PGD139_APOB_96,8686.224598930481,10984.347762885438,6388.101434975524,4077
448,2-21224274-21224541-PGD139_APOB_1,8687.609625668449,11635.694509780245,5739.524741556652,2326
637,2-21258600-21258822-PGD139_APOB_190,8691.112299465241,11342.602919554985,6039.6216793754975,5279
342,16-57004800-57004996-PGD139_CETP_11,8703.16577540107,11795.53900142877,5610.792549373371,4104
579,2-21247494-21247707-PGD139_APOB_132,8725.197860962568,11232.209300643543,6218.186421281593,5977
249,1-55521443-55521695-PGD139_PCSK9_97,8726.663101604277,11451.741463998911,6001.584739209644,2966
476,2-21229176-21229419-PGD139_APOB_29,8729.818181818182,11547.289158734777,5912.347204901587,5041
289,1-55527982-55528230-PGD139_PCSK9_137,8744.283422459894,11004.70610621119,6483.860738708598,5656
154,1-55505297-55505485-PGD139_PCSK9_2,8752.454545454546,12846.751098695975,4658.157992213117,3937
709,8-19805604-19805843-PGD139_LPL_4,8756.374331550802,11835.417423360548,5677.3312397410555,3321
521,2-21237001-21237207-PGD139_APOB_74,8764.042780748663,11544.099744881352,5983.985816615974,6202
24,1-25874154-25874404-PGD139_LDLRAP1_26,8770.44385026738,11128.676103097616,6412.2115974371445,5849
233,1-55518295-55518558-PGD139_PCSK9_81,8777.438502673796,11506.135218023614,6048.74178732398,3061
718,8-19811672-19811839-PGD139_LPL_13,8779.64705882353,12218.501490189665,5340.792627457395,5443
711,8-19809141-19809351-PGD139_LPL_6,8783.989304812834,11091.213545857627,6476.765063768041,6159
518,2-21236483-21236705-PGD139_APOB_71,8788.87165775401,12865.743136233363,4712.00017927466,4843
68,1-25881623-25881864-PGD139_LDLRAP1_70,8798.951871657753,11778.87082331177,5819.032920003736,4874
348,16-57005949-57006102-PGD139_CETP_17,8834.695187165775,12618.636648287653,5050.753726043897,5658
112,1-25888777-25888939-PGD139_LDLRAP1_114,8840.24064171123,13631.529116745049,4048.9521666774126,3530
512,2-21235408-21235657-PGD139_APOB_65,8860.213903743315,11171.722890204628,6548.7049172820025,4636
308,10-90975557-90975806-PGD139_LIPA_5,8874.85026737968,12463.355757381598,5286.344777377761,2582
158,1-55506027-55506280-PGD139_PCSK9_6,8885.92513368984,11173.889336319193,6597.9609310604865,4333
79,1-25883418-25883668-PGD139_LDLRAP1_81,8886.010695187166,11180.192461751143,6591.8289286231875,5319
275,1-55525751-55525916-PGD139_PCSK9_123,8896.967914438503,13253.000453312712,4540.935375564293,5459
244,1-55520155-55520401-PGD139_PCSK9_92,8919.98395721925,11185.134985685272,6654.832928753228,6360
310,10-90982032-90982243-PGD139_LIPA_7,8923.823529411764,11566.85173391821,6280.795324905317,5861
162,1-55506593-55506816-PGD139_PCSK9_10,8930.828877005348,13592.775847923967,4268.881906086727,4493
210,1-55514456-55514731-PGD139_PCSK9_58,8965.417112299465,11743.064788329619,6187.769436269311,2770
651,2-21260881-21261118-PGD139_APOB_204,9005.679144385027,11236.685401508948,6774.672887261106,5748
364,16-57017088-57017318-PGD139_CETP_33,9071.438502673796,11128.557931634117,7014.3190737134755,6729
165,1-55507106-55507304-PGD139_PCSK9_13,9086.385026737968,12112.485545568452,6060.284507907483,6257
41,1-25877201-25877388-PGD139_LDLRAP1_43,9089.513368983957,13110.581714469543,5068.4450234983715,5308
182,1-55509725-55509929-PGD139_PCSK9_30,9095.727272727272,13739.757342857913,4451.697202596631,4688
478,2-21229560-21229780-PGD139_APOB_31,9103.486631016043,13283.919218387931,4923.054043644156,4215
246,1-55520841-55521091-PGD139_PCSK9_94,9113.877005347593,11652.157204472871,6575.596806222315,4651
541,2-21240970-21241228-PGD139_APOB_94,9141.791443850267,11889.603323538759,6393.979564161774,5293
316,10-90984628-90984877-PGD139_LIPA_13,9147.90909090909,12099.008144258265,6196.810037559915,3758
597,2-21251141-21251414-PGD139_APOB_150,9160.4064171123,12323.241436087166,5997.571398137432,2729
212,1-55514882-55515106-PGD139_PCSK9_60,9187.72192513369,12050.608413255995,6324.835437011385,4971
561,2-21244456-21244706-PGD139_APOB_114,9213.336898395723,11630.412096087955,6796.26170070349,5768
432,19-11241918-11242131-PGD139_LDLR_65,9224.786096256685,11855.954018150132,6593.618174363237,5210
23,1-25874020-25874247-PGD139_LDLRAP1_25,9237.577540106951,12100.42317168219,6374.731908531712,4204
95,1-25886054-25886261-PGD139_LDLRAP1_97,9241.29411764706,12122.053899533796,6360.534335760323,5858
629,2-21257167-21257412-PGD139_APOB_182,9266.122994652407,11941.011130876886,6591.234858427927,5917
474,2-21228801-21229028-PGD139_APOB_27,9347.326203208557,13529.11753389064,5165.534872526473,4505
238,1-55519112-55519315-PGD139_PCSK9_86,9350.893048128342,14030.727448886057,4671.058647370627,4055
555,2-21243337-21243558-PGD139_APOB_108,9364.085561497326,11784.93053364272,6943.240589351932,6847
559,2-21244041-21244290-PGD139_APOB_112,9364.598930481283,12250.277117740823,6478.920743221743,3748
191,1-55511126-55511377-PGD139_PCSK9_39,9397.652406417112,11713.948413307391,7081.356399526832,4642
487,2-21231148-21231359-PGD139_APOB_40,9419.860962566845,12296.88453797276,6542.837387160929,6243
261,1-55523493-55523698-PGD139_PCSK9_109,9480.561497326204,13961.711522633,4999.411472019407,4728
363,16-57016098-57016277-PGD139_CETP_32,9505.748663101604,13447.000991740759,5564.496334462448,5676
328,10-91007432-91007581-PGD139_LIPA_25,9531.35294117647,13254.616548033768,5808.089334319173,6299
295,1-55529004-55529149-PGD139_PCSK9_143,9579.010695187166,13593.781326910284,5564.240063464048,6433
136,1-25892580-25892828-PGD139_LDLRAP1_138,9657.732620320856,12176.463725294478,7139.001515347235,5925
6,1-25871092-25871342-PGD139_LDLRAP1_8,9730.475935828877,13058.662288919253,6402.289582738502,3167
454,2-21225360-21225564-PGD139_APOB_7,9738.679144385027,13738.66787756449,5738.690411205564,5539
336,16-56996914-56997177-PGD139_CETP_5,9757.454545454546,13736.346184402108,5778.562906506985,2200
332,16-56995708-56995850-PGD139_CETP_1,9758.36898395722,14798.628785974399,4718.109181940041,5167
245,1-55520691-55520934-PGD139_PCSK9_93,9759.786096256685,12041.955453970328,7477.616738543042,5294
203,1-55513140-55513354-PGD139_PCSK9_51,9761.315508021391,13495.895959432914,6026.7350566098685,5298
705,4-68471978-68472208-PGD139_STAP1_20,9789.144385026739,12969.42451437223,6608.864255681248,4486
171,1-55508212-55508443-PGD139_PCSK9_19,9797.973262032085,12331.88277007976,7264.063753984409,7339
362,16-57015946-57016207-PGD139_CETP_31,9826.422459893049,12558.546426387606,7094.298493398493,4341
142,1-25893674-25893867-PGD139_LDLRAP1_144,9836.951871657753,13505.4004686759,6168.503274639606,6277
102,1-25887237-25887482-PGD139_LDLRAP1_104,9847.336898395723,12630.352860375151,7064.320936416294,6191
247,1-55521031-55521278-PGD139_PCSK9_95,9886.363636363636,12801.167369304163,6971.55990342311,5073
80,1-25883539-25883695-PGD139_LDLRAP1_82,9896.36898395722,16750.910160636955,3041.8278072774856,3939
723,8-19816597-19816846-PGD139_LPL_18,9910.155080213905,12615.618674151552,7204.691486276256,5735
483,2-21230498-21230695-PGD139_APOB_36,9920.582887700535,13982.884490373635,5858.281285027434,6231
408,19-11226836-11227018-PGD139_LDLR_41,9986.673796791443,13928.169160369811,6045.178433213076,3992
635,2-21258260-21258468-PGD139_APOB_188,10030.668449197861,13181.799468009553,6879.53743038617,6307
687,4-68424578-68424798-PGD139_STAP1_2,10035.069518716578,13051.164494889552,7018.974542543606,5057
351,16-57007241-57007430-PGD139_CETP_20,10079.561497326204,13671.037499179447,6488.08549547296,6644
283,1-55526951-55527200-PGD139_PCSK9_131,10110.609625668449,13151.645783631058,7069.573467705838,6054
338,16-57003346-57003587-PGD139_CETP_7,10132.513368983957,12655.815347666914,7609.211390301,5841
28,1-25875134-25875286-PGD139_LDLRAP1_30,10157.72192513369,15832.305734494925,4483.138115772455,5236
534,2-21239385-21239580-PGD139_APOB_87,10201.588235294117,13763.141989782467,6640.034480805767,6842
34,1-25875971-25876135-PGD139_LDLRAP1_36,10211.989304812834,16450.7058153192,3973.2727943064683,3925
374,19-11210776-11210965-PGD139_LDLR_7,10289.24064171123,13759.390259418147,6819.091024004314,6916
300,1-55529729-55529950-PGD139_PCSK9_148,10313.358288770054,14080.433800870056,6546.282776670052,5082
74,1-25882513-25882667-PGD139_LDLRAP1_76,10350.513368983957,17641.95099102088,3059.0757469470354,4358
62,1-25880711-25880953-PGD139_LDLRAP1_64,10377.320855614973,14112.11485966117,6642.526851568777,4882
179,1-55509318-55509463-PGD139_PCSK9_27,10415.79679144385,16591.721564437692,4239.872018450009,5663
111,1-25888634-25888834-PGD139_LDLRAP1_113,10428.267379679144,14687.806500164666,6168.728259193622,5554
721,8-19813317-19813566-PGD139_LPL_16,10482.582887700535,13203.699678771865,7761.466096629205,7220
92,1-25885529-25885697-PGD139_LDLRAP1_94,10483.534759358288,17002.79911940816,3964.270399308418,4112
209,1-55514233-55514505-PGD139_PCSK9_57,10495.048128342247,13741.971206358696,7248.125050325799,2883
116,1-25889364-25889573-PGD139_LDLRAP1_118,10502.620320855614,13683.222407776992,7322.018233934237,6521
452,2-21225043-21225255-PGD139_APOB_5,10561.326203208557,14785.784519573055,6336.867886844059,6076
358,16-57014916-57015142-PGD139_CETP_27,10574.919786096256,13010.433579218796,8139.405992973717,6903
281,1-55526612-55526816-PGD139_PCSK9_129,10683.224598930481,14405.0355830399,6961.413614821062,5974
322,10-90987946-90988188-PGD139_LIPA_19,11004.331550802139,13848.483806317992,8160.179295286285,7693
501,2-21233595-21233788-PGD139_APOB_54,11074.112299465241,15203.61150272394,6944.613096206544,7404
392,19-11218084-11218280-PGD139_LDLR_25,11154.36898395722,15225.488424048135,7083.2495438663045,7636
221,1-55516404-55516621-PGD139_PCSK9_69,11186.802139037432,14394.955400329447,7978.648877745418,7902
689,4-68436821-68437020-PGD139_STAP1_4,11234.29411764706,14810.279476471605,7658.3087588225135,5969
255,1-55522465-55522667-PGD139_PCSK9_103,11277.07486631016,14661.899052757446,7892.250679862875,7893
256,1-55522583-55522740-PGD139_PCSK9_104,11385.72192513369,18203.779005834996,4567.664844432383,5074
167,1-55507447-55507617-PGD139_PCSK9_15,11430.582887700535,15684.559384051983,7176.606391349086,7937
259,1-55523077-55523330-PGD139_PCSK9_107,11430.652406417112,14756.714227031185,8104.590585803038,6356
48,1-25878354-25878570-PGD139_LDLRAP1_50,11457.860962566845,16316.69065568995,6599.03126944374,5754
360,16-57015392-57015630-PGD139_CETP_29,11498.877005347593,14852.282073642677,8145.471937052508,4774
613,2-21254364-21254528-PGD139_APOB_166,11597.27807486631,16572.323979533994,6622.232170198627,7373
207,1-55513830-55514080-PGD139_PCSK9_55,11711.122994652407,15833.443721588035,7588.80226771678,6024
13,1-25872360-25872539-PGD139_LDLRAP1_15,11776.919786096256,15950.908388841235,7602.9311833512775,7174
531,2-21238627-21238877-PGD139_APOB_84,11791.51871657754,15023.177003515913,8559.860429639168,6050
27,1-25874645-25874806-PGD139_LDLRAP1_29,11843.229946524065,17359.531479667952,6326.928413380179,7532
669,2-21264095-21264316-PGD139_APOB_222,11883.770053475935,15251.964429882046,8515.575677069824,7253
229,1-55517883-55517997-PGD139_PCSK9_77,12288.727272727272,17577.1447181663,7000.309827288244,7627
380,19-11215600-11215733-PGD139_LDLR_13,12347.299465240641,18365.47925155718,6329.119678924105,7120
303,1-55530353-55530551-PGD139_PCSK9_151,12365.87165775401,16091.64221648941,8640.101099018611,8425
701,4-68456605-68456811-PGD139_STAP1_16,12521.342245989305,16420.822139889293,8621.862352089318,7745
354,16-57009041-57009240-PGD139_CETP_23,12592.898395721924,16552.740211476197,8633.056579967651,8099
699,4-68449400-68449540-PGD139_STAP1_14,12604.470588235294,16250.109846863068,8958.83132960752,7485
547,2-21242086-21242296-PGD139_APOB_100,12750.786096256685,15737.834639349428,9763.73755316394,9474
320,10-90986666-90986897-PGD139_LIPA_17,12755.042780748663,16374.813758051474,9135.271803445852,8452
352,16-57007363-57007556-PGD139_CETP_21,12872.374331550802,17209.568627546927,8535.180035554677,8443
152,1-25895248-25895405-PGD139_LDLRAP1_154,12957.51871657754,19253.495746984212,6661.541686170868,7665
288,1-55527865-55528042-PGD139_PCSK9_136,13141.641711229946,19087.783044277217,7195.500378182675,6186
324,10-91005304-91005528-PGD139_LIPA_21,13308.12834224599,17525.555211336243,9090.701473155736,5407
241,1-55519609-55519780-PGD139_PCSK9_89,13434.839572192514,18751.34044907738,8118.338695307648,8901
211,1-55514676-55514924-PGD139_PCSK9_59,13486.251336898396,17403.434698434598,9569.067975362197,6216
378,19-11213477-11213645-PGD139_LDLR_11,13910.807486631016,18585.299335431886,9236.315637830146,9790
129,1-25891244-25891360-PGD139_LDLRAP1_131,14161.513368983957,23075.545323875616,5247.481414092297,7383
243,1-55520051-55520249-PGD139_PCSK9_91,14361.620320855614,19126.529847448848,9596.71079426238,10273
356,16-57011989-57012174-PGD139_CETP_25,15203.534759358288,20616.46852657357,9790.600992143005,10188
22,1-25873556-25873699-PGD139_LDLRAP1_24,15694.786096256685,20880.590374239528,10508.981818273842,11111
188,1-55510597-55510792-PGD139_PCSK9_36,15859.540106951872,22334.28091456643,9384.799299337315,10315
58,1-25879919-25880067-PGD139_LDLRAP1_60,17068.20320855615,22397.713961542315,11738.692455569988,12661
168,1-55507512-55507626-PGD139_PCSK9_16,17294.25668449198,24869.97934873814,9718.534020245816,11324
63,1-25880801-25880967-PGD139_LDLRAP1_65,17699.770053475935,24795.64299773901,10603.89710921286,10135
532,2-21238704-21238883-PGD139_APOB_85,18016.898395721924,22386.56458968415,13647.2322017597,12672
